{
    "users": [ {
        "id": 1,
        "first_name": "Allie",
        "last_name": "Lainton",
        "email": "alainton0@dion.ne.jp",
        "gender": "Male",
        "ip_address": "11.205.31.27"
    }, {
        "id": 2,
        "first_name": "Johnny",
        "last_name": "Roseman",
        "email": "jroseman1@europa.eu",
        "gender": "Male",
        "ip_address": "194.37.57.142"
    }, {
        "id": 3,
        "first_name": "Aristotle",
        "last_name": "Geldart",
        "email": "ageldart2@mozilla.org",
        "gender": "Male",
        "ip_address": "57.167.51.27"
    }, {
        "id": 4,
        "first_name": "Darrel",
        "last_name": "Parkes",
        "email": "dparkes3@state.gov",
        "gender": "Male",
        "ip_address": "235.100.133.12"
    }, {
        "id": 5,
        "first_name": "Kelsy",
        "last_name": "Seyers",
        "email": "kseyers4@nytimes.com",
        "gender": "Female",
        "ip_address": "143.195.41.9"
    }, {
        "id": 6,
        "first_name": "Kennedy",
        "last_name": "Borne",
        "email": "kborne5@multiply.com",
        "gender": "Male",
        "ip_address": "160.229.25.149"
    }, {
        "id": 7,
        "first_name": "Christiane",
        "last_name": "Alesbrook",
        "email": "calesbrook6@360.cn",
        "gender": "Female",
        "ip_address": "162.16.204.35"
    }, {
        "id": 8,
        "first_name": "Byrle",
        "last_name": "Pavett",
        "email": "bpavett7@europa.eu",
        "gender": "Male",
        "ip_address": "70.158.122.207"
    }, {
        "id": 9,
        "first_name": "Marina",
        "last_name": "McAllen",
        "email": "mmcallen8@abc.net.au",
        "gender": "Female",
        "ip_address": "34.117.244.134"
    }, {
        "id": 10,
        "first_name": "Jourdan",
        "last_name": "Dimitrie",
        "email": "jdimitrie9@wufoo.com",
        "gender": "Female",
        "ip_address": "215.93.199.158"
    }, {
        "id": 11,
        "first_name": "Hendrik",
        "last_name": "Houltham",
        "email": "hhoulthama@prnewswire.com",
        "gender": "Male",
        "ip_address": "104.137.252.109"
    }, {
        "id": 12,
        "first_name": "Lavinie",
        "last_name": "Poate",
        "email": "lpoateb@craigslist.org",
        "gender": "Female",
        "ip_address": "146.112.252.76"
    }, {
        "id": 13,
        "first_name": "Arliene",
        "last_name": "Taylor",
        "email": "ataylorc@behance.net",
        "gender": "Female",
        "ip_address": "25.143.74.142"
    }, {
        "id": 14,
        "first_name": "Edee",
        "last_name": "Adamczyk",
        "email": "eadamczykd@ezinearticles.com",
        "gender": "Female",
        "ip_address": "60.220.204.89"
    }, {
        "id": 15,
        "first_name": "Gardiner",
        "last_name": "Coppeard",
        "email": "gcoppearde@java.com",
        "gender": "Male",
        "ip_address": "71.155.56.228"
    }, {
        "id": 16,
        "first_name": "Blanch",
        "last_name": "Hanssmann",
        "email": "bhanssmannf@sciencedirect.com",
        "gender": "Female",
        "ip_address": "13.134.189.5"
    }, {
        "id": 17,
        "first_name": "Shirlene",
        "last_name": "Clampett",
        "email": "sclampettg@icio.us",
        "gender": "Female",
        "ip_address": "187.158.80.247"
    }, {
        "id": 18,
        "first_name": "Annnora",
        "last_name": "Gosselin",
        "email": "agosselinh@taobao.com",
        "gender": "Female",
        "ip_address": "128.93.177.40"
    }, {
        "id": 19,
        "first_name": "Coralie",
        "last_name": "Duetsche",
        "email": "cduetschei@sogou.com",
        "gender": "Female",
        "ip_address": "159.226.187.5"
    }, {
        "id": 20,
        "first_name": "Elvira",
        "last_name": "Paullin",
        "email": "epaullinj@nba.com",
        "gender": "Female",
        "ip_address": "81.255.32.237"
    }, {
        "id": 21,
        "first_name": "Madalena",
        "last_name": "Huckerbe",
        "email": "mhuckerbek@sitemeter.com",
        "gender": "Female",
        "ip_address": "169.211.153.211"
    }, {
        "id": 22,
        "first_name": "Radcliffe",
        "last_name": "Lawrenceson",
        "email": "rlawrencesonl@mapy.cz",
        "gender": "Male",
        "ip_address": "197.87.220.55"
    }, {
        "id": 23,
        "first_name": "Gherardo",
        "last_name": "Cocozza",
        "email": "gcocozzam@newyorker.com",
        "gender": "Male",
        "ip_address": "106.175.133.220"
    }, {
        "id": 24,
        "first_name": "Munroe",
        "last_name": "Summerhayes",
        "email": "msummerhayesn@lycos.com",
        "gender": "Male",
        "ip_address": "124.129.60.181"
    }, {
        "id": 25,
        "first_name": "Rayner",
        "last_name": "Zouch",
        "email": "rzoucho@odnoklassniki.ru",
        "gender": "Male",
        "ip_address": "249.50.251.240"
    }, {
        "id": 26,
        "first_name": "Thorny",
        "last_name": "Hollingsbee",
        "email": "thollingsbeep@yelp.com",
        "gender": "Male",
        "ip_address": "251.199.59.138"
    }, {
        "id": 27,
        "first_name": "Auberta",
        "last_name": "Kernley",
        "email": "akernleyq@moonfruit.com",
        "gender": "Female",
        "ip_address": "219.77.137.23"
    }, {
        "id": 28,
        "first_name": "Salvidor",
        "last_name": "Debold",
        "email": "sdeboldr@example.com",
        "gender": "Male",
        "ip_address": "57.185.249.140"
    }, {
        "id": 29,
        "first_name": "Tera",
        "last_name": "Redding",
        "email": "treddings@homestead.com",
        "gender": "Female",
        "ip_address": "37.177.180.221"
    }, {
        "id": 30,
        "first_name": "Vidovik",
        "last_name": "Bradwell",
        "email": "vbradwellt@howstuffworks.com",
        "gender": "Male",
        "ip_address": "168.168.5.126"
    }, {
        "id": 31,
        "first_name": "Benedikta",
        "last_name": "Rimour",
        "email": "brimouru@scientificamerican.com",
        "gender": "Female",
        "ip_address": "106.243.193.120"
    }, {
        "id": 32,
        "first_name": "Nadine",
        "last_name": "Esler",
        "email": "neslerv@a8.net",
        "gender": "Female",
        "ip_address": "72.177.78.144"
    }, {
        "id": 33,
        "first_name": "Andromache",
        "last_name": "Plaster",
        "email": "aplasterw@goo.gl",
        "gender": "Female",
        "ip_address": "89.204.227.70"
    }, {
        "id": 34,
        "first_name": "Cindra",
        "last_name": "Elderfield",
        "email": "celderfieldx@youtu.be",
        "gender": "Female",
        "ip_address": "49.3.64.140"
    }, {
        "id": 35,
        "first_name": "Terrill",
        "last_name": "Clowney",
        "email": "tclowneyy@tripadvisor.com",
        "gender": "Male",
        "ip_address": "223.240.16.211"
    }, {
        "id": 36,
        "first_name": "Sibbie",
        "last_name": "Mackiewicz",
        "email": "smackiewiczz@gnu.org",
        "gender": "Female",
        "ip_address": "252.245.160.51"
    }, {
        "id": 37,
        "first_name": "Jules",
        "last_name": "Kydde",
        "email": "jkydde10@youku.com",
        "gender": "Male",
        "ip_address": "248.203.167.129"
    }, {
        "id": 38,
        "first_name": "Ives",
        "last_name": "Painten",
        "email": "ipainten11@shareasale.com",
        "gender": "Male",
        "ip_address": "250.163.93.89"
    }, {
        "id": 39,
        "first_name": "Jecho",
        "last_name": "Dungey",
        "email": "jdungey12@oaic.gov.au",
        "gender": "Male",
        "ip_address": "11.36.24.77"
    }, {
        "id": 40,
        "first_name": "Dorita",
        "last_name": "Hardington",
        "email": "dhardington13@narod.ru",
        "gender": "Female",
        "ip_address": "187.140.19.232"
    }, {
        "id": 41,
        "first_name": "Gun",
        "last_name": "Cohane",
        "email": "gcohane14@home.pl",
        "gender": "Male",
        "ip_address": "178.150.216.99"
    }, {
        "id": 42,
        "first_name": "Buddie",
        "last_name": "Huelin",
        "email": "bhuelin15@go.com",
        "gender": "Male",
        "ip_address": "4.106.239.20"
    }, {
        "id": 43,
        "first_name": "Welch",
        "last_name": "Hixson",
        "email": "whixson16@cafepress.com",
        "gender": "Male",
        "ip_address": "117.53.230.189"
    }, {
        "id": 44,
        "first_name": "Doralynne",
        "last_name": "Neads",
        "email": "dneads17@sakura.ne.jp",
        "gender": "Female",
        "ip_address": "62.226.200.154"
    }, {
        "id": 45,
        "first_name": "Laurens",
        "last_name": "Creggan",
        "email": "lcreggan18@ask.com",
        "gender": "Male",
        "ip_address": "168.13.43.238"
    }, {
        "id": 46,
        "first_name": "Bridie",
        "last_name": "Pirrone",
        "email": "bpirrone19@surveymonkey.com",
        "gender": "Female",
        "ip_address": "46.26.162.182"
    }, {
        "id": 47,
        "first_name": "Joni",
        "last_name": "Piolli",
        "email": "jpiolli1a@com.com",
        "gender": "Female",
        "ip_address": "154.46.83.181"
    }, {
        "id": 48,
        "first_name": "Salli",
        "last_name": "Byrd",
        "email": "sbyrd1b@wix.com",
        "gender": "Female",
        "ip_address": "76.127.164.195"
    }, {
        "id": 49,
        "first_name": "Wilmar",
        "last_name": "Ciotti",
        "email": "wciotti1c@google.co.jp",
        "gender": "Male",
        "ip_address": "24.150.109.24"
    }, {
        "id": 50,
        "first_name": "Gilberta",
        "last_name": "Melmore",
        "email": "gmelmore1d@phpbb.com",
        "gender": "Female",
        "ip_address": "14.9.230.85"
    }, {
        "id": 51,
        "first_name": "Wash",
        "last_name": "Haythornthwaite",
        "email": "whaythornthwaite1e@yandex.ru",
        "gender": "Male",
        "ip_address": "49.163.45.116"
    }, {
        "id": 52,
        "first_name": "Meridith",
        "last_name": "Glitherow",
        "email": "mglitherow1f@spiegel.de",
        "gender": "Female",
        "ip_address": "209.111.246.121"
    }, {
        "id": 53,
        "first_name": "Florella",
        "last_name": "Dearnaly",
        "email": "fdearnaly1g@soundcloud.com",
        "gender": "Female",
        "ip_address": "55.97.58.228"
    }, {
        "id": 54,
        "first_name": "Ivie",
        "last_name": "Narup",
        "email": "inarup1h@constantcontact.com",
        "gender": "Female",
        "ip_address": "99.155.12.128"
    }, {
        "id": 55,
        "first_name": "Anallise",
        "last_name": "Arbor",
        "email": "aarbor1i@sina.com.cn",
        "gender": "Female",
        "ip_address": "81.120.224.47"
    }, {
        "id": 56,
        "first_name": "Ema",
        "last_name": "Murricanes",
        "email": "emurricanes1j@twitter.com",
        "gender": "Female",
        "ip_address": "85.149.211.11"
    }, {
        "id": 57,
        "first_name": "Kare",
        "last_name": "Kightly",
        "email": "kkightly1k@blogspot.com",
        "gender": "Female",
        "ip_address": "34.133.233.116"
    }, {
        "id": 58,
        "first_name": "Robby",
        "last_name": "Rounce",
        "email": "rrounce1l@ihg.com",
        "gender": "Male",
        "ip_address": "24.194.16.40"
    }, {
        "id": 59,
        "first_name": "Jenda",
        "last_name": "Tessington",
        "email": "jtessington1m@youku.com",
        "gender": "Female",
        "ip_address": "94.221.10.23"
    }, {
        "id": 60,
        "first_name": "Say",
        "last_name": "Heartfield",
        "email": "sheartfield1n@reuters.com",
        "gender": "Male",
        "ip_address": "250.190.157.54"
    }, {
        "id": 61,
        "first_name": "Quent",
        "last_name": "Taborre",
        "email": "qtaborre1o@china.com.cn",
        "gender": "Male",
        "ip_address": "212.19.70.125"
    }, {
        "id": 62,
        "first_name": "Wylie",
        "last_name": "Bloxham",
        "email": "wbloxham1p@taobao.com",
        "gender": "Male",
        "ip_address": "208.23.121.22"
    }, {
        "id": 63,
        "first_name": "Renata",
        "last_name": "Bruckenthal",
        "email": "rbruckenthal1q@illinois.edu",
        "gender": "Female",
        "ip_address": "129.151.188.116"
    }, {
        "id": 64,
        "first_name": "Twyla",
        "last_name": "Burges",
        "email": "tburges1r@indiatimes.com",
        "gender": "Female",
        "ip_address": "84.112.253.253"
    }, {
        "id": 65,
        "first_name": "Saloma",
        "last_name": "Brockton",
        "email": "sbrockton1s@digg.com",
        "gender": "Female",
        "ip_address": "40.248.105.210"
    }, {
        "id": 66,
        "first_name": "Marcellus",
        "last_name": "Ludlom",
        "email": "mludlom1t@uiuc.edu",
        "gender": "Male",
        "ip_address": "232.136.176.110"
    }, {
        "id": 67,
        "first_name": "Elly",
        "last_name": "Blewmen",
        "email": "eblewmen1u@scribd.com",
        "gender": "Female",
        "ip_address": "35.54.27.215"
    }, {
        "id": 68,
        "first_name": "Cosetta",
        "last_name": "Thynn",
        "email": "cthynn1v@bloomberg.com",
        "gender": "Female",
        "ip_address": "190.50.126.177"
    }, {
        "id": 69,
        "first_name": "Marilin",
        "last_name": "Leahy",
        "email": "mleahy1w@webs.com",
        "gender": "Female",
        "ip_address": "242.77.184.19"
    }, {
        "id": 70,
        "first_name": "Melantha",
        "last_name": "Daddow",
        "email": "mdaddow1x@artisteer.com",
        "gender": "Female",
        "ip_address": "41.8.244.251"
    }, {
        "id": 71,
        "first_name": "Stevena",
        "last_name": "Cathersides",
        "email": "scathersides1y@last.fm",
        "gender": "Female",
        "ip_address": "101.199.154.43"
    }, {
        "id": 72,
        "first_name": "Wendall",
        "last_name": "Jentges",
        "email": "wjentges1z@ibm.com",
        "gender": "Male",
        "ip_address": "79.204.135.176"
    }, {
        "id": 73,
        "first_name": "Derwin",
        "last_name": "Carne",
        "email": "dcarne20@wunderground.com",
        "gender": "Male",
        "ip_address": "205.239.151.69"
    }, {
        "id": 74,
        "first_name": "Niccolo",
        "last_name": "Daveran",
        "email": "ndaveran21@de.vu",
        "gender": "Male",
        "ip_address": "98.43.182.225"
    }, {
        "id": 75,
        "first_name": "Bell",
        "last_name": "Loreit",
        "email": "bloreit22@ebay.co.uk",
        "gender": "Female",
        "ip_address": "7.119.150.94"
    }, {
        "id": 76,
        "first_name": "Mathian",
        "last_name": "Tytterton",
        "email": "mtytterton23@bloglovin.com",
        "gender": "Male",
        "ip_address": "214.184.51.14"
    }, {
        "id": 77,
        "first_name": "Patric",
        "last_name": "Heatly",
        "email": "pheatly24@netscape.com",
        "gender": "Male",
        "ip_address": "107.160.133.51"
    }, {
        "id": 78,
        "first_name": "Judye",
        "last_name": "Mellmer",
        "email": "jmellmer25@last.fm",
        "gender": "Female",
        "ip_address": "25.49.72.12"
    }, {
        "id": 79,
        "first_name": "Gregoire",
        "last_name": "Leadstone",
        "email": "gleadstone26@joomla.org",
        "gender": "Male",
        "ip_address": "160.10.100.101"
    }, {
        "id": 80,
        "first_name": "Parke",
        "last_name": "Sebastian",
        "email": "psebastian27@ucoz.com",
        "gender": "Male",
        "ip_address": "9.89.136.49"
    }, {
        "id": 81,
        "first_name": "Casie",
        "last_name": "Blacklawe",
        "email": "cblacklawe28@yelp.com",
        "gender": "Female",
        "ip_address": "141.135.60.134"
    }, {
        "id": 82,
        "first_name": "Adrian",
        "last_name": "Bowman",
        "email": "abowman29@virginia.edu",
        "gender": "Female",
        "ip_address": "52.120.70.127"
    }, {
        "id": 83,
        "first_name": "Jehanna",
        "last_name": "Chilley",
        "email": "jchilley2a@webnode.com",
        "gender": "Female",
        "ip_address": "82.135.166.144"
    }, {
        "id": 84,
        "first_name": "Carita",
        "last_name": "Danielian",
        "email": "cdanielian2b@netvibes.com",
        "gender": "Female",
        "ip_address": "220.158.40.38"
    }, {
        "id": 85,
        "first_name": "Inglebert",
        "last_name": "Piotrkowski",
        "email": "ipiotrkowski2c@admin.ch",
        "gender": "Male",
        "ip_address": "225.244.210.182"
    }, {
        "id": 86,
        "first_name": "Edan",
        "last_name": "Skpsey",
        "email": "eskpsey2d@hugedomains.com",
        "gender": "Male",
        "ip_address": "179.228.174.139"
    }, {
        "id": 87,
        "first_name": "Lianna",
        "last_name": "Bowry",
        "email": "lbowry2e@google.co.jp",
        "gender": "Female",
        "ip_address": "34.204.145.124"
    }, {
        "id": 88,
        "first_name": "Enrico",
        "last_name": "Crockford",
        "email": "ecrockford2f@sbwire.com",
        "gender": "Male",
        "ip_address": "142.227.211.192"
    }, {
        "id": 89,
        "first_name": "Thedric",
        "last_name": "Piggin",
        "email": "tpiggin2g@gmpg.org",
        "gender": "Male",
        "ip_address": "189.220.235.158"
    }, {
        "id": 90,
        "first_name": "Estele",
        "last_name": "Hawsby",
        "email": "ehawsby2h@jiathis.com",
        "gender": "Female",
        "ip_address": "48.252.207.132"
    }, {
        "id": 91,
        "first_name": "Noach",
        "last_name": "de Merida",
        "email": "ndemerida2i@nba.com",
        "gender": "Male",
        "ip_address": "110.134.183.28"
    }, {
        "id": 92,
        "first_name": "Fionnula",
        "last_name": "Fraanchyonok",
        "email": "ffraanchyonok2j@arizona.edu",
        "gender": "Female",
        "ip_address": "8.41.219.24"
    }, {
        "id": 93,
        "first_name": "Yoko",
        "last_name": "Meneghelli",
        "email": "ymeneghelli2k@nydailynews.com",
        "gender": "Female",
        "ip_address": "60.30.180.186"
    }, {
        "id": 94,
        "first_name": "Blinny",
        "last_name": "Leifer",
        "email": "bleifer2l@cornell.edu",
        "gender": "Female",
        "ip_address": "244.28.159.191"
    }, {
        "id": 95,
        "first_name": "Tyne",
        "last_name": "Jakes",
        "email": "tjakes2m@mapy.cz",
        "gender": "Female",
        "ip_address": "254.152.87.84"
    }, {
        "id": 96,
        "first_name": "Franky",
        "last_name": "Warke",
        "email": "fwarke2n@stanford.edu",
        "gender": "Male",
        "ip_address": "27.254.72.121"
    }, {
        "id": 97,
        "first_name": "Mathias",
        "last_name": "Sermin",
        "email": "msermin2o@skyrock.com",
        "gender": "Male",
        "ip_address": "248.68.218.150"
    }, {
        "id": 98,
        "first_name": "Terencio",
        "last_name": "Horribine",
        "email": "thorribine2p@friendfeed.com",
        "gender": "Male",
        "ip_address": "207.86.46.23"
    }, {
        "id": 99,
        "first_name": "Reggi",
        "last_name": "Cornwall",
        "email": "rcornwall2q@com.com",
        "gender": "Female",
        "ip_address": "121.23.35.237"
    }, {
        "id": 100,
        "first_name": "Godfrey",
        "last_name": "Aizikov",
        "email": "gaizikov2r@nbcnews.com",
        "gender": "Male",
        "ip_address": "23.221.97.245"
    } ]
}