{
  "users": [
    {
      "id": 7,
      "first_name": "Issiahssss",
      "last_name": "Raggett",
      "email": "iraggett6@ca.gov"
    },
    {
      "id": 9,
      "first_name": "Siobhan",
      "last_name": "Prise",
      "email": "sprise8@telegraph.co.uk"
    },
    {
      "id": 10,
      "first_name": "Mia",
      "last_name": "Chastagnier",
      "email": "mchastagnier9@icq.com"
    },
    {
      "id": 11,
      "first_name": "Michal",
      "last_name": "Langer",
      "email": "mlangera@jalbum.net"
    },
    {
      "id": 12,
      "first_name": "Shurlock",
      "last_name": "Slocket",
      "email": "sslocketb@arizona.edu"
    },
    {
      "first_name": "LinzyAAA",
      "last_name": "Asp",
      "email": "laspc@seattletimes.com",
      "id": 13
    },
    {
      "id": 14,
      "first_name": "Timotheus",
      "last_name": "Knutsen",
      "email": "tknutsend@geocities.jp"
    },
    {
      "id": 15,
      "first_name": "Frank",
      "last_name": "Felstead",
      "email": "ffelsteade@ft.com"
    },
    {
      "id": 16,
      "first_name": "Gaynor",
      "last_name": "Gledhill",
      "email": "ggledhillf@uol.com.br"
    },
    {
      "id": 17,
      "first_name": "Corena",
      "last_name": "Germon",
      "email": "cgermong@howstuffworks.com"
    },
    {
      "id": 18,
      "first_name": "Cathrine",
      "last_name": "Gammett",
      "email": "cgammetth@google.it"
    },
    {
      "id": 19,
      "first_name": "Nadeen",
      "last_name": "Basnett",
      "email": "nbasnetti@jigsy.com"
    },
    {
      "id": 20,
      "first_name": "Stephanie",
      "last_name": "Shorbrook",
      "email": "sshorbrookj@globo.com"
    },
    {
      "id": 21,
      "first_name": "Gael",
      "last_name": "McCay",
      "email": "gmccayk@stumbleupon.com"
    },
    {
      "id": 22,
      "first_name": "Jasper",
      "last_name": "Joynes",
      "email": "jjoynesl@i2i.jp"
    },
    {
      "id": 23,
      "first_name": "Linc",
      "last_name": "Fairfull",
      "email": "lfairfullm@printfriendly.com"
    },
    {
      "id": 24,
      "first_name": "Emerson",
      "last_name": "Palatini",
      "email": "epalatinin@sogou.com"
    },
    {
      "id": 25,
      "first_name": "Nona",
      "last_name": "Gyver",
      "email": "ngyvero@cisco.com"
    },
    {
      "id": 26,
      "first_name": "Dillie",
      "last_name": "McDermid",
      "email": "dmcdermidp@elegantthemes.com"
    },
    {
      "id": 27,
      "first_name": "Ninnette",
      "last_name": "Mahedy",
      "email": "nmahedyq@blinklist.com"
    },
    {
      "id": 28,
      "first_name": "Shermie",
      "last_name": "Fairbridge",
      "email": "sfairbridger@google.de"
    },
    {
      "id": 29,
      "first_name": "Alyce",
      "last_name": "Simonnin",
      "email": "asimonnins@ucoz.ru"
    },
    {
      "id": 30,
      "first_name": "Liane",
      "last_name": "Darcey",
      "email": "ldarceyt@istockphoto.com"
    },
    {
      "id": 31,
      "first_name": "Bettye",
      "last_name": "McAllaster",
      "email": "bmcallasteru@oakley.com"
    },
    {
      "id": 32,
      "first_name": "Agathe",
      "last_name": "Goldfinch",
      "email": "agoldfinchv@gravatar.com"
    },
    {
      "id": 33,
      "first_name": "Cathleen",
      "last_name": "Alder",
      "email": "calderw@umn.edu"
    },
    {
      "id": 34,
      "first_name": "Katharina",
      "last_name": "Proudlock",
      "email": "kproudlockx@seesaa.net"
    },
    {
      "id": 35,
      "first_name": "Juditha",
      "last_name": "Cheverton",
      "email": "jchevertony@sakura.ne.jp"
    },
    {
      "id": 36,
      "first_name": "Merell",
      "last_name": "Winsbury",
      "email": "mwinsburyz@weibo.com"
    },
    {
      "id": 37,
      "first_name": "Araldo",
      "last_name": "Scamal",
      "email": "ascamal10@github.com"
    },
    {
      "id": 38,
      "first_name": "Torey",
      "last_name": "Kimmins",
      "email": "tkimmins11@harvard.edu"
    },
    {
      "id": 39,
      "first_name": "Steward",
      "last_name": "Pettingill",
      "email": "spettingill12@theguardian.com"
    },
    {
      "id": 40,
      "first_name": "Helena",
      "last_name": "Cushelly",
      "email": "hcushelly13@yale.edu"
    },
    {
      "id": 41,
      "first_name": "Brit",
      "last_name": "Hutchinson",
      "email": "bhutchinson14@npr.org"
    },
    {
      "id": 42,
      "first_name": "Alana",
      "last_name": "MacCrachen",
      "email": "amaccrachen15@people.com.cn"
    },
    {
      "id": 43,
      "first_name": "Huntington",
      "last_name": "Leonardi",
      "email": "hleonardi16@google.nl"
    },
    {
      "id": 44,
      "first_name": "Annecorinne",
      "last_name": "Wardhaugh",
      "email": "awardhaugh17@goodreads.com"
    },
    {
      "id": 45,
      "first_name": "Grantley",
      "last_name": "Gostick",
      "email": "ggostick18@feedburner.com"
    },
    {
      "id": 46,
      "first_name": "Emerson",
      "last_name": "Devigne",
      "email": "edevigne19@state.tx.us"
    },
    {
      "id": 47,
      "first_name": "Starlin",
      "last_name": "Labadini",
      "email": "slabadini1a@usda.gov"
    },
    {
      "id": 48,
      "first_name": "Michaelina",
      "last_name": "Baldi",
      "email": "mbaldi1b@joomla.org"
    },
    {
      "id": 49,
      "first_name": "Hiram",
      "last_name": "Garland",
      "email": "hgarland1c@nsw.gov.au"
    },
    {
      "id": 50,
      "first_name": "Sindee",
      "last_name": "Garlette",
      "email": "sgarlette1d@acquirethisname.com"
    },
    {
      "id": 51,
      "first_name": "Roda",
      "last_name": "Barwood",
      "email": "rbarwood1e@blogs.com"
    },
    {
      "id": 52,
      "first_name": "Way",
      "last_name": "Macia",
      "email": "wmacia1f@weather.com"
    },
    {
      "id": 53,
      "first_name": "Tedmund",
      "last_name": "Diament",
      "email": "tdiament1g@senate.gov"
    },
    {
      "id": 54,
      "first_name": "Marc",
      "last_name": "Mulvaney",
      "email": "mmulvaney1h@tuttocitta.it"
    },
    {
      "id": 55,
      "first_name": "Roseanna",
      "last_name": "Ranking",
      "email": "rranking1i@tripadvisor.com"
    },
    {
      "id": 56,
      "first_name": "Drake",
      "last_name": "Maddy",
      "email": "dmaddy1j@illinois.edu"
    },
    {
      "id": 57,
      "first_name": "Lotty",
      "last_name": "Demonge",
      "email": "ldemonge1k@amazonaws.com"
    },
    {
      "id": 58,
      "first_name": "Morley",
      "last_name": "Gulk",
      "email": "mgulk1l@odnoklassniki.ru"
    },
    {
      "id": 59,
      "first_name": "Holly",
      "last_name": "Fishley",
      "email": "hfishley1m@prlog.org"
    },
    {
      "id": 60,
      "first_name": "Ibrahim",
      "last_name": "Gladdin",
      "email": "igladdin1n@utexas.edu"
    },
    {
      "id": 61,
      "first_name": "Brenn",
      "last_name": "Cholwell",
      "email": "bcholwell1o@csmonitor.com"
    },
    {
      "id": 62,
      "first_name": "Gilbertina",
      "last_name": "Antonovic",
      "email": "gantonovic1p@cyberchimps.com"
    },
    {
      "id": 63,
      "first_name": "Nikolia",
      "last_name": "MacCaughan",
      "email": "nmaccaughan1q@timesonline.co.uk"
    },
    {
      "id": 64,
      "first_name": "Allix",
      "last_name": "Northcote",
      "email": "anorthcote1r@fotki.com"
    },
    {
      "id": 65,
      "first_name": "Herbie",
      "last_name": "Brien",
      "email": "hbrien1s@vk.com"
    },
    {
      "id": 66,
      "first_name": "Miles",
      "last_name": "Goade",
      "email": "mgoade1t@theglobeandmail.com"
    },
    {
      "id": 67,
      "first_name": "Ginni",
      "last_name": "Maciejewski",
      "email": "gmaciejewski1u@discuz.net"
    },
    {
      "id": 68,
      "first_name": "Gran",
      "last_name": "MattiCCI",
      "email": "gmatticci1v@squarespace.com"
    },
    {
      "id": 69,
      "first_name": "Devonne",
      "last_name": "Chisnall",
      "email": "dchisnall1w@smh.com.au"
    },
    {
      "id": 70,
      "first_name": "Elva",
      "last_name": "Mapstone",
      "email": "emapstone1x@economist.com"
    },
    {
      "id": 71,
      "first_name": "Osborne",
      "last_name": "Faulconbridge",
      "email": "ofaulconbridge1y@pen.io"
    },
    {
      "id": 72,
      "first_name": "Josias",
      "last_name": "Whellams",
      "email": "jwhellams1z@yahoo.com"
    },
    {
      "id": 73,
      "first_name": "Kile",
      "last_name": "Rolingson",
      "email": "krolingson20@ebay.co.uk"
    },
    {
      "id": 74,
      "first_name": "Rochette",
      "last_name": "Leneve",
      "email": "rleneve21@usatoday.com"
    },
    {
      "id": 75,
      "first_name": "Amelina",
      "last_name": "Verlinden",
      "email": "averlinden22@europa.eu"
    },
    {
      "id": 76,
      "first_name": "Christi",
      "last_name": "Newitt",
      "email": "cnewitt23@php.net"
    },
    {
      "id": 77,
      "first_name": "Sibby",
      "last_name": "Bentham3",
      "email": "sbentham24@google.it"
    },
    {
      "id": 78,
      "first_name": "Sergent",
      "last_name": "Jeacock",
      "email": "sjeacock25@youtu.be"
    },
    {
      "id": 79,
      "first_name": "Jaimie",
      "last_name": "Waggitt",
      "email": "jwaggitt26@addtoany.com"
    },
    {
      "id": 80,
      "first_name": "Pascale",
      "last_name": "Banbrook",
      "email": "pbanbrook27@economist.com"
    },
    {
      "id": 81,
      "first_name": "Naomi",
      "last_name": "Cosans",
      "email": "ncosans28@cbslocal.com"
    },
    {
      "id": 82,
      "first_name": "Diane-marie",
      "last_name": "Brager",
      "email": "dbrager29@craigslist.org"
    },
    {
      "id": 83,
      "first_name": "Esmaria",
      "last_name": "Coope",
      "email": "ecoope2a@admin.ch"
    },
    {
      "id": 84,
      "first_name": "Fianna",
      "last_name": "Gate",
      "email": "fgate2b@thetimes.co.uk"
    },
    {
      "id": 85,
      "first_name": "Cobby",
      "last_name": "Romanet",
      "email": "cromanet2c@topsy.com"
    },
    {
      "id": 86,
      "first_name": "Karna",
      "last_name": "Sergeaunt",
      "email": "ksergeaunt2d@dailymotion.com"
    },
    {
      "id": 87,
      "first_name": "Trudey",
      "last_name": "Mabey",
      "email": "tmabey2e@loc.gov"
    },
    {
      "id": 88,
      "first_name": "Beatrix",
      "last_name": "Heal",
      "email": "bheal2f@about.com"
    },
    {
      "id": 89,
      "first_name": "Brandy",
      "last_name": "Vampouille",
      "email": "bvampouille2g@techcrunch.com"
    },
    {
      "id": 90,
      "first_name": "Alan",
      "last_name": "Denmead",
      "email": "adenmead2h@google.com.hk"
    },
    {
      "id": 91,
      "first_name": "Berget",
      "last_name": "Smallsman",
      "email": "bsmallsman2i@slate.com"
    },
    {
      "id": 92,
      "first_name": "Allianora",
      "last_name": "Paxton",
      "email": "apaxton2j@howstuffworks.com"
    },
    {
      "id": 93,
      "first_name": "Avis",
      "last_name": "Hamnett",
      "email": "ahamnett2k@squarespace.com"
    },
    {
      "id": 94,
      "first_name": "Doloritas",
      "last_name": "Rentz",
      "email": "drentz2l@japanpost.jp"
    },
    {
      "id": 95,
      "first_name": "Gill",
      "last_name": "Sodo",
      "email": "gsodo2m@t-online.de"
    },
    {
      "id": 96,
      "first_name": "Zora",
      "last_name": "Sarsons",
      "email": "zsarsons2n@altervista.org"
    },
    {
      "id": 97,
      "first_name": "Carlos",
      "last_name": "Scrivner",
      "email": "cscrivner2o@baidu.com"
    },
    {
      "id": 98,
      "first_name": "Kliment",
      "last_name": "Pimley",
      "email": "kpimley2p@photobucket.com"
    },
    {
      "id": 99,
      "first_name": "Perl",
      "last_name": "Digweed",
      "email": "pdigweed2q@geocities.jp"
    },
    {
      "id": 100,
      "first_name": "Donnamarie",
      "last_name": "Osant",
      "email": "dosant2r@jiathis.com"
    }
  ]
}